sp|P69726|VPR_HV1H2	P69726.2	6.93e-109	1	96	1	96
sp|P69726|VPR_HV1H2	P05928.1	6.51e-108	1	96	1	96
sp|P69726|VPR_HV1H2	P12520.2	1.81e-105	1	96	1	96
sp|P69726|VPR_HV1H2	O70888.1	1.60e-99	1	96	1	96
sp|P69726|VPR_HV1H2	O70898.1	1.84e-98	1	96	1	96
sp|P69726|VPR_HV1H2	P20883.1	3.74e-96	1	96	1	96
sp|P69726|VPR_HV1H2	Q9QSR1.1	4.86e-96	1	96	1	96
sp|P69726|VPR_HV1H2	P05950.1	8.09e-95	1	96	1	96
sp|P69726|VPR_HV1H2	P05954.1	3.24e-94	1	96	1	96
sp|P69726|VPR_HV1H2	P12519.1	1.37e-92	1	96	1	96
sp|P69726|VPR_HV1H2	P0C1P2.1	4.93e-92	1	96	1	96
sp|P69726|VPR_HV1H2	P0C1P3.1	1.04e-91	1	96	1	96
sp|P69726|VPR_HV1H2	Q1A247.1	2.15e-91	1	96	1	95
sp|P69726|VPR_HV1H2	P19555.2	2.20e-91	1	96	1	96
sp|P69726|VPR_HV1H2	P05955.1	5.21e-91	1	96	1	96
sp|P69726|VPR_HV1H2	P20891.1	6.31e-91	1	96	1	96
sp|P69726|VPR_HV1H2	Q73369.1	6.94e-91	1	96	1	96
sp|P69726|VPR_HV1H2	P35967.1	2.52e-90	1	96	1	97
sp|P69726|VPR_HV1H2	Q1A265.1	4.20e-90	1	96	1	98
sp|P69726|VPR_HV1H2	O12160.1	1.13e-89	1	96	1	96
sp|P69726|VPR_HV1H2	P05956.1	1.77e-89	1	96	1	96
sp|P69726|VPR_HV1H2	P05951.1	1.98e-89	1	86	1	86
sp|P69726|VPR_HV1H2	P05952.1	2.99e-87	1	96	1	97
sp|P69726|VPR_HV1H2	Q9Q718.1	1.99e-86	1	96	1	96
sp|P69726|VPR_HV1H2	Q75004.1	2.52e-86	1	96	1	96
sp|P69726|VPR_HV1H2	Q9IDV6.1	7.88e-86	1	96	1	95
sp|P69726|VPR_HV1H2	Q9WC65.1	1.73e-85	1	96	1	96
sp|P69726|VPR_HV1H2	O89942.1	2.00e-85	1	96	1	96
sp|P69726|VPR_HV1H2	O41800.1	5.26e-85	1	96	1	96
sp|P69726|VPR_HV1H2	P17287.1	6.07e-85	1	96	1	96
sp|P69726|VPR_HV1H2	O91082.1	7.83e-85	1	96	1	95
sp|P69726|VPR_HV1H2	P0C1P4.1	8.13e-84	1	96	1	96
sp|P69726|VPR_HV1H2	Q9WC56.1	8.94e-84	1	96	1	96
sp|P69726|VPR_HV1H2	P69725.1	9.38e-80	1	73	1	73
sp|P69726|VPR_HV1H2	P05927.1	6.51e-79	1	73	1	73
sp|P69726|VPR_HV1H2	P0C1P5.1	1.25e-73	1	96	1	96
sp|P69726|VPR_HV1H2	Q77375.1	1.12e-69	1	96	1	97
sp|P69726|VPR_HV1H2	Q79668.1	1.51e-68	1	96	1	100
sp|P69726|VPR_HV1H2	Q8AIH9.1	1.99e-55	1	82	1	82
sp|P69726|VPR_HV1H2	P05958.1	1.05e-48	2	82	3	83
sp|P69726|VPR_HV1H2	P19509.1	2.27e-48	2	82	3	83
sp|P69726|VPR_HV1H2	P12455.1	8.62e-45	2	94	7	96
sp|P69726|VPR_HV1H2	Q76637.1	2.31e-44	2	82	7	87
sp|P69726|VPR_HV1H2	P15837.1	6.54e-44	2	82	7	87
sp|P69726|VPR_HV1H2	P24111.1	7.76e-43	2	85	7	90
sp|P69726|VPR_HV1H2	P20884.1	9.65e-42	2	94	7	95
sp|P69726|VPR_HV1H2	P06938.1	2.23e-41	2	85	7	90
sp|P69726|VPR_HV1H2	P0C1P6.1	5.78e-41	2	82	7	87
sp|P69726|VPR_HV1H2	P17761.1	1.07e-37	2	96	7	100
sp|P69726|VPR_HV1H2	P12521.1	3.98e-37	2	85	3	86
sp|P69726|VPR_HV1H2	P11265.1	1.05e-36	1	89	1	90
sp|P69726|VPR_HV1H2	Q74123.1	2.85e-36	2	85	7	90
sp|P69726|VPR_HV1H2	P05930.1	5.85e-36	2	85	7	90
sp|P69726|VPR_HV1H2	P18046.2	1.07e-35	2	87	7	92
sp|P69726|VPR_HV1H2	P18100.1	3.87e-35	2	82	7	87
sp|P69726|VPR_HV1H2	P05957.1	4.68e-35	1	82	1	83
sp|P69726|VPR_HV1H2	P22385.1	9.69e-28	2	94	7	95
sp|P69726|VPR_HV1H2	P27976.1	1.77e-16	12	96	22	111
sp|P69726|VPR_HV1H2	Q02842.1	6.41e-15	11	77	21	91
sp|P69726|VPR_HV1H2	P05918.1	7.63e-15	12	96	22	111
sp|P69726|VPR_HV1H2	P27984.1	1.09e-14	12	96	22	111
sp|P69726|VPR_HV1H2	B8HSI6.1	2.08e-11	3	87	146	239
sp|P69726|VPR_HV1H2	B0C6E1.1	7.00e-11	2	88	135	239
sp|P69726|VPR_HV1H2	P11266.1	3.13e-10	5	77	4	88
sp|P69726|VPR_HV1H2	P05916.1	4.07e-10	17	77	23	88
sp|P69726|VPR_HV1H2	Q67726.1	1.11e-09	3	72	916	1023
sp|P69726|VPR_HV1H2	P17760.1	1.52e-09	5	76	4	87
sp|P69726|VPR_HV1H2	Q10W70.1	2.47e-09	10	83	136	227
sp|P69726|VPR_HV1H2	B1XHZ7.1	2.63e-09	2	83	132	225
sp|P69726|VPR_HV1H2	P05917.1	4.51e-09	17	77	23	88
sp|P69726|VPR_HV1H2	Q98Q12.1	6.25e-09	7	92	172	320
sp|P69726|VPR_HV1H2	Q8DK70.1	7.51e-09	3	83	141	223
sp|P69726|VPR_HV1H2	Q3ZN06.2	8.05e-09	1	72	905	1002
sp|P69726|VPR_HV1H2	Q9LRR5.1	1.43e-08	4	96	51	158
sp|P69726|VPR_HV1H2	Q89721.1	1.65e-08	5	82	3	92
sp|P69726|VPR_HV1H2	O80823.1	1.97e-08	13	82	86	169
sp|P69726|VPR_HV1H2	B1WQF1.1	2.00e-08	6	83	132	225
sp|P69726|VPR_HV1H2	Q9AR04.2	2.67e-08	20	56	64	100
sp|P69726|VPR_HV1H2	P12514.2	3.01e-08	17	77	23	88
sp|P69726|VPR_HV1H2	Q8SA63.1	3.74e-08	11	76	59	121
sp|P69726|VPR_HV1H2	B7KJJ4.1	4.28e-08	2	83	142	227
sp|P69726|VPR_HV1H2	B8ACH9.1	4.28e-08	3	83	134	227
sp|P69726|VPR_HV1H2	I6QPS5.1	6.26e-08	3	66	28	113
sp|P69726|VPR_HV1H2	Q4TWH8.2	6.30e-08	1	72	906	1003
sp|P69726|VPR_HV1H2	P18045.1	6.60e-08	5	76	4	87
sp|P69726|VPR_HV1H2	P18099.1	6.94e-08	5	76	4	87
sp|P69726|VPR_HV1H2	B2J1G1.1	7.77e-08	12	83	158	229
sp|P69726|VPR_HV1H2	A8E657.1	8.29e-08	1	79	92	187
sp|P69726|VPR_HV1H2	Q9BYF1.2	8.92e-08	5	56	135	205
sp|P69726|VPR_HV1H2	Q8TCX5.2	1.38e-07	12	96	156	242
sp|P69726|VPR_HV1H2	Q5R6T6.1	1.40e-07	2	96	318	416
sp|P69726|VPR_HV1H2	A1WCP0.1	1.46e-07	18	95	56	167
sp|P69726|VPR_HV1H2	Q0CS64.1	1.76e-07	24	92	845	921
sp|P69726|VPR_HV1H2	I6R4V5.1	1.82e-07	6	93	30	131
sp|P69726|VPR_HV1H2	Q3AK30.1	2.16e-07	2	80	133	215
sp|P69726|VPR_HV1H2	Q2PBY5.1	3.20e-07	7	91	1532	1619
sp|P69726|VPR_HV1H2	Q5RFN1.1	3.25e-07	5	56	135	205
sp|P69726|VPR_HV1H2	Q74122.1	3.37e-07	18	76	24	87
sp|P69726|VPR_HV1H2	B9L9P6.1	3.47e-07	10	89	95	158
sp|P69726|VPR_HV1H2	P24110.1	3.89e-07	5	76	10	87
sp|P69726|VPR_HV1H2	C3KCS2.1	3.95e-07	11	94	175	265
sp|P69726|VPR_HV1H2	Q2HJE1.2	5.33e-07	2	96	352	450
sp|P69726|VPR_HV1H2	P48422.2	5.81e-07	27	66	91	148
sp|P69726|VPR_HV1H2	Q76636.1	5.92e-07	5	77	3	87
sp|P69726|VPR_HV1H2	P58666.1	5.92e-07	3	83	147	229
sp|P69726|VPR_HV1H2	B3RFJ6.1	5.98e-07	13	66	88	147
sp|P69726|VPR_HV1H2	Q3MG27.1	6.05e-07	3	83	147	229
sp|P69726|VPR_HV1H2	S0E2Y4.1	6.91e-07	3	57	163	255
sp|P69726|VPR_HV1H2	Q4K6I5.1	8.42e-07	11	94	175	265
sp|P69726|VPR_HV1H2	P97784.1	9.67e-07	1	69	309	386
sp|P69726|VPR_HV1H2	I6RAQ6.1	9.96e-07	11	66	58	113
sp|P69726|VPR_HV1H2	Q9LMM1.1	1.05e-06	13	66	86	145
sp|P69726|VPR_HV1H2	C3XRY1.1	1.13e-06	3	96	172	269
sp|P69726|VPR_HV1H2	Q3AXP3.1	1.18e-06	12	80	147	215
sp|P69726|VPR_HV1H2	Q9V0D5.1	1.20e-06	21	77	302	358
sp|P69726|VPR_HV1H2	F8UL81.1	1.29e-06	44	76	90	121
sp|P69726|VPR_HV1H2	Q87WX7.1	1.78e-06	11	81	172	250
sp|P69726|VPR_HV1H2	P19508.1	1.91e-06	17	77	23	88
sp|P69726|VPR_HV1H2	P12454.1	2.01e-06	5	76	10	87
sp|P69726|VPR_HV1H2	Q4A633.1	2.17e-06	7	71	171	250
sp|P69726|VPR_HV1H2	P15836.1	2.53e-06	5	77	3	87
sp|P69726|VPR_HV1H2	A4D1P6.2	2.94e-06	2	96	353	451
sp|P69726|VPR_HV1H2	Q4ZNY2.1	3.31e-06	11	81	173	250
sp|P69726|VPR_HV1H2	Q48EF0.1	3.67e-06	11	81	173	250
sp|P69726|VPR_HV1H2	B7K5R5.1	3.73e-06	3	83	145	227
sp|P69726|VPR_HV1H2	O59028.1	3.81e-06	21	75	302	356
sp|P69726|VPR_HV1H2	P20881.1	3.96e-06	9	76	3	87
sp|P69726|VPR_HV1H2	B8NJG3.1	4.20e-06	2	88	1291	1369
sp|P69726|VPR_HV1H2	Q3AQS3.1	4.45e-06	8	95	185	283
sp|P69726|VPR_HV1H2	Q601M2.1	4.48e-06	3	65	162	237
sp|P69726|VPR_HV1H2	P21554.1	4.53e-06	18	90	241	336
sp|P69726|VPR_HV1H2	A6V0B4.2	5.51e-06	13	67	192	258
sp|P69726|VPR_HV1H2	Q898T5.1	5.62e-06	6	70	200	272
sp|P69726|VPR_HV1H2	Q9L4S2.1	5.64e-06	12	73	158	218
sp|P69726|VPR_HV1H2	Q9LUS2.1	6.28e-06	2	95	366	429
sp|P69726|VPR_HV1H2	P09546.3	7.09e-06	10	96	482	565
sp|P69726|VPR_HV1H2	O58776.1	7.17e-06	12	53	259	307
sp|P69726|VPR_HV1H2	Q923I8.1	7.29e-06	1	74	327	410
sp|P69726|VPR_HV1H2	Q8LKW0.2	7.29e-06	20	80	1158	1217
sp|P69726|VPR_HV1H2	O23066.1	7.31e-06	13	66	86	145
sp|P69726|VPR_HV1H2	Q9R194.1	7.36e-06	1	74	327	410
sp|P69726|VPR_HV1H2	D7GXF9.1	7.62e-06	2	84	22	119
sp|P69726|VPR_HV1H2	P36742.1	7.62e-06	3	88	435	509
sp|P69726|VPR_HV1H2	Q9SLF3.1	7.66e-06	2	95	484	547
sp|P69726|VPR_HV1H2	Q9K7Z8.1	7.78e-06	4	89	32	109
sp|P69726|VPR_HV1H2	Q86GV3.1	8.50e-06	5	53	1144	1207
sp|P69726|VPR_HV1H2	O52485.1	8.78e-06	10	96	482	565
sp|P69726|VPR_HV1H2	Q0C3A9.1	9.17e-06	6	95	34	144
sp|P69726|VPR_HV1H2	C1DQ91.1	9.48e-06	1	92	166	261
sp|P69726|VPR_HV1H2	Q49AN0.2	9.59e-06	1	75	328	412
sp|P69726|VPR_HV1H2	Q4L643.1	9.62e-06	10	73	153	218
sp|P69726|VPR_HV1H2	Q12310.1	9.84e-06	7	87	612	698
sp|P69726|VPR_HV1H2	Q56NL1.1	1.01e-05	5	56	135	205
sp|P69726|VPR_HV1H2	Q8QG60.2	1.03e-05	1	74	318	401
sp|P69726|VPR_HV1H2	Q7U712.1	1.07e-05	19	80	149	215
sp|P69726|VPR_HV1H2	Q6GLL2.1	1.08e-05	10	89	225	316
sp|P69726|VPR_HV1H2	Q09YN7.1	1.09e-05	2	76	31	122
sp|P69726|VPR_HV1H2	Q48943.1	1.16e-05	8	87	73	193
sp|P69726|VPR_HV1H2	O43149.6	1.21e-05	3	82	533	647
sp|P69726|VPR_HV1H2	Q4A8G4.2	1.24e-05	3	65	162	237
sp|P69726|VPR_HV1H2	Q91WF7.1	1.31e-05	6	91	205	290
sp|P69726|VPR_HV1H2	O08349.1	1.31e-05	1	62	106	199
sp|P69726|VPR_HV1H2	P42457.1	1.40e-05	9	67	270	340
sp|P69726|VPR_HV1H2	Q7V215.1	1.43e-05	1	80	114	223
sp|P69726|VPR_HV1H2	Q4AAD3.2	1.44e-05	3	65	162	237
sp|P69726|VPR_HV1H2	Q56H28.1	1.46e-05	5	56	135	205
sp|P69726|VPR_HV1H2	P65831.1	1.49e-05	11	96	48	136
sp|P69726|VPR_HV1H2	Q31QC4.1	1.51e-05	5	80	142	221
sp|P69726|VPR_HV1H2	A4XVB4.1	1.52e-05	10	68	73	128
sp|P69726|VPR_HV1H2	Q83N53.1	1.59e-05	27	90	226	308
sp|P69726|VPR_HV1H2	C0H8I2.1	1.69e-05	6	92	353	435
sp|P69726|VPR_HV1H2	Q0I9J4.1	1.70e-05	5	80	127	215
sp|P69726|VPR_HV1H2	Q2YAU5.1	1.72e-05	4	96	328	412
sp|P69726|VPR_HV1H2	Q8NBM8.2	1.75e-05	18	94	147	220
sp|P69726|VPR_HV1H2	Q8BWR8.2	1.76e-05	12	92	159	241
sp|P69726|VPR_HV1H2	Q6GH72.1	1.88e-05	12	73	158	218
sp|P69726|VPR_HV1H2	G5EES6.1	1.92e-05	18	91	762	829
sp|P69726|VPR_HV1H2	Q9Y2G9.3	1.92e-05	5	94	688	776
sp|P69726|VPR_HV1H2	Q5SSH7.2	1.93e-05	6	82	541	647
sp|P69726|VPR_HV1H2	Q65H53.1	1.95e-05	11	85	108	194
sp|P69726|VPR_HV1H2	Q6ZR08.2	1.99e-05	5	89	317	486
sp|P69726|VPR_HV1H2	Q2FH99.1	2.04e-05	12	73	158	218
sp|P69726|VPR_HV1H2	P0CR22.1	2.21e-05	14	88	475	571
sp|P69726|VPR_HV1H2	Q9L4S1.1	2.26e-05	12	73	158	218
sp|P69726|VPR_HV1H2	A6PVC2.4	2.28e-05	3	89	704	805
sp|P69726|VPR_HV1H2	Q8Z127.1	2.45e-05	2	57	65	124
sp|P69726|VPR_HV1H2	Q8ZK35.1	2.53e-05	2	57	65	124
sp|P69726|VPR_HV1H2	P06939.1	2.62e-05	5	76	4	87
sp|P69726|VPR_HV1H2	P10503.4	2.63e-05	10	96	482	565
sp|P69726|VPR_HV1H2	Q04350.1	2.65e-05	2	80	1496	1580
sp|P69726|VPR_HV1H2	A6V3R0.1	2.66e-05	10	68	73	128
sp|P69726|VPR_HV1H2	Q1X881.1	2.76e-05	7	91	2776	2873
sp|P69726|VPR_HV1H2	E0IWI3.1	3.09e-05	14	76	118	194
sp|P69726|VPR_HV1H2	Q83034.1	3.28e-05	1	81	2020	2100
sp|P69726|VPR_HV1H2	D4A929.1	3.55e-05	14	95	122	206
sp|P69726|VPR_HV1H2	B7V9C1.1	3.56e-05	13	67	192	258
sp|P69726|VPR_HV1H2	A5F385.1	3.56e-05	11	78	148	229
sp|P69726|VPR_HV1H2	Q9ZTX9.1	4.04e-05	4	92	204	284
sp|P69726|VPR_HV1H2	Q1E024.2	4.16e-05	17	96	666	745
sp|P69726|VPR_HV1H2	A4FUC9.1	4.21e-05	12	92	159	241
sp|P69726|VPR_HV1H2	Q7M962.2	4.30e-05	6	95	369	468
sp|P69726|VPR_HV1H2	Q06673.1	4.33e-05	11	68	882	931
sp|P69726|VPR_HV1H2	Q48F46.1	4.40e-05	1	92	113	224
sp|P69726|VPR_HV1H2	Q11U43.1	4.42e-05	25	96	95	183
sp|P69726|VPR_HV1H2	A5W8Q8.1	4.60e-05	11	81	177	252
sp|P69726|VPR_HV1H2	Q88N84.1	4.64e-05	11	81	177	252
sp|P69726|VPR_HV1H2	A6L0S5.1	4.68e-05	9	96	54	188
sp|P69726|VPR_HV1H2	P38645.1	4.76e-05	5	77	117	187
sp|P69726|VPR_HV1H2	Q4ZWU3.1	4.82e-05	1	92	113	224
sp|P69726|VPR_HV1H2	Q20502.1	5.10e-05	4	36	603	655
sp|P69726|VPR_HV1H2	Q875I9.1	5.26e-05	6	91	126	217
sp|P69726|VPR_HV1H2	Q88LQ8.1	5.34e-05	9	68	71	133
sp|P69726|VPR_HV1H2	Q1AWB5.1	5.39e-05	22	96	273	353
sp|P69726|VPR_HV1H2	B1J1Y2.1	5.46e-05	11	81	177	252
sp|P69726|VPR_HV1H2	B0KUP8.1	5.61e-05	10	68	78	133
sp|P69726|VPR_HV1H2	B0KFT4.1	5.69e-05	11	81	177	252
sp|P69726|VPR_HV1H2	Q9DBM2.4	5.73e-05	12	73	599	679
sp|P69726|VPR_HV1H2	Q9P7X8.2	5.73e-05	31	87	807	915
sp|P69726|VPR_HV1H2	Q9SIP6.1	5.94e-05	5	92	149	232
sp|P69726|VPR_HV1H2	Q9Z985.1	5.94e-05	5	96	589	680
sp|P69726|VPR_HV1H2	Q2JPZ9.1	6.08e-05	10	84	135	252
sp|P69726|VPR_HV1H2	A7Z5E4.1	6.37e-05	2	80	83	194
sp|P69726|VPR_HV1H2	B1J4W3.1	6.47e-05	10	68	78	133
sp|P69726|VPR_HV1H2	Q8HXG3.1	6.51e-05	12	92	159	241
sp|P69726|VPR_HV1H2	Q9Y232.2	6.56e-05	2	96	51	140
sp|P69726|VPR_HV1H2	O79412.1	6.84e-05	4	58	74	118
sp|P69726|VPR_HV1H2	Q25197.1	7.08e-05	1	86	1009	1115
sp|P69726|VPR_HV1H2	Q0WMY5.1	7.30e-05	1	91	640	724
sp|P69726|VPR_HV1H2	Q0WMY5.1	3.54e-04	7	95	241	345
sp|P69726|VPR_HV1H2	Q5YS72.1	7.48e-05	9	84	185	246
sp|P69726|VPR_HV1H2	P20967.2	7.55e-05	8	73	780	842
sp|P69726|VPR_HV1H2	C4YFX2.1	7.59e-05	10	92	3	93
sp|P69726|VPR_HV1H2	P0CY34.1	7.59e-05	10	92	3	93
sp|P69726|VPR_HV1H2	P75368.1	7.81e-05	7	78	173	262
sp|P69726|VPR_HV1H2	Q8VYC8.1	8.01e-05	30	89	268	332
sp|P69726|VPR_HV1H2	P09033.2	8.02e-05	18	96	270	355
sp|P69726|VPR_HV1H2	C6BVR6.1	8.43e-05	10	74	681	777
sp|P69726|VPR_HV1H2	C1D5L4.1	9.04e-05	8	89	40	160
sp|P69726|VPR_HV1H2	Q42613.1	9.34e-05	15	91	177	328
sp|P69726|VPR_HV1H2	P73672.1	9.48e-05	7	83	142	224
sp|P69726|VPR_HV1H2	P36309.1	9.71e-05	6	94	1854	1979
sp|P69726|VPR_HV1H2	P9WME0.1	9.73e-05	8	89	2	116
sp|P69726|VPR_HV1H2	Q9VSF4.2	1.00e-04	17	73	176	246
sp|P69726|VPR_HV1H2	Q8KEY6.1	1.02e-04	4	92	322	402
sp|P69726|VPR_HV1H2	A0RQ36.1	1.02e-04	13	95	386	464
sp|P69726|VPR_HV1H2	B0TPD4.1	1.05e-04	1	81	79	165
sp|P69726|VPR_HV1H2	B0T1Y4.1	1.06e-04	13	95	11	104
sp|P69726|VPR_HV1H2	A1WK55.1	1.17e-04	1	82	285	418
sp|P69726|VPR_HV1H2	Q8C7K6.1	1.19e-04	18	96	147	222
sp|P69726|VPR_HV1H2	Q19564.1	1.22e-04	16	95	241	299
sp|P69726|VPR_HV1H2	A6GWB6.1	1.28e-04	1	58	242	294
sp|P69726|VPR_HV1H2	Q9WTQ2.2	1.33e-04	14	88	298	418
sp|P69726|VPR_HV1H2	Q6GHX9.1	1.36e-04	5	96	8	114
sp|P69726|VPR_HV1H2	Q8EJW2.1	1.38e-04	9	91	215	352
sp|P69726|VPR_HV1H2	B0JJJ8.1	1.45e-04	3	83	145	227
sp|P69726|VPR_HV1H2	Q9LLR9.1	1.46e-04	1	66	35	112
sp|P69726|VPR_HV1H2	P0ACV0.1	1.48e-04	30	91	10	62
sp|P69726|VPR_HV1H2	Q9CAD6.1	1.49e-04	13	66	86	145
sp|P69726|VPR_HV1H2	Q91PP5.1	1.50e-04	1	81	2014	2097
sp|P69726|VPR_HV1H2	Q7W4D1.1	1.52e-04	27	93	61	119
sp|P69726|VPR_HV1H2	Q9SCV8.1	1.52e-04	33	76	51	122
sp|P69726|VPR_HV1H2	Q54G57.1	1.52e-04	10	85	1857	1941
sp|P69726|VPR_HV1H2	A7RH72.1	1.52e-04	1	90	187	259
sp|P69726|VPR_HV1H2	Q5EGZ1.1	1.53e-04	9	59	173	209
sp|P69726|VPR_HV1H2	P87154.1	1.55e-04	2	88	1064	1168
sp|P69726|VPR_HV1H2	P0DOI1.1	1.56e-04	4	42	95	149
sp|P69726|VPR_HV1H2	Q074N0.1	1.58e-04	7	91	2776	2873
sp|P69726|VPR_HV1H2	Q9BPN8.2	1.59e-04	26	87	353	435
sp|P69726|VPR_HV1H2	Q1X880.1	1.61e-04	7	91	2776	2873
sp|P69726|VPR_HV1H2	Q9SYB5.1	1.63e-04	9	87	182	308
sp|P69726|VPR_HV1H2	Q9NQ89.1	1.64e-04	11	87	219	313
sp|P69726|VPR_HV1H2	F4LAC2.1	1.64e-04	27	93	61	119
sp|P69726|VPR_HV1H2	Q9L6X9.1	1.65e-04	5	89	42	122
sp|P69726|VPR_HV1H2	Q74JK7.1	1.67e-04	2	66	227	327
sp|P69726|VPR_HV1H2	P07570.2	1.67e-04	2	92	292	394
sp|P69726|VPR_HV1H2	P0DOI0.1	1.68e-04	4	42	95	149
sp|P69726|VPR_HV1H2	A7FHW9.1	1.68e-04	5	89	42	122
sp|P69726|VPR_HV1H2	Q1ZXQ5.1	1.69e-04	19	91	169	288
sp|P69726|VPR_HV1H2	Q5ZKD7.1	1.69e-04	3	88	747	831
sp|P69726|VPR_HV1H2	E4ZHQ5.1	1.70e-04	10	67	92	144
sp|P69726|VPR_HV1H2	Q7WFT9.1	1.73e-04	27	93	61	119
sp|P69726|VPR_HV1H2	Q562E7.2	1.76e-04	6	92	126	205
sp|P69726|VPR_HV1H2	Q8BIK4.2	1.76e-04	2	74	1680	1771
sp|P69726|VPR_HV1H2	P25058.4	1.84e-04	4	42	95	149
sp|P69726|VPR_HV1H2	P03344.3	1.84e-04	4	42	95	149
sp|P69726|VPR_HV1H2	Q8WP19.1	1.88e-04	3	92	317	426
sp|P69726|VPR_HV1H2	Q32Q86.1	1.88e-04	3	92	317	426
sp|P69726|VPR_HV1H2	Q9BZ29.2	1.89e-04	2	74	1694	1785
sp|P69726|VPR_HV1H2	Q86YI8.2	1.92e-04	3	95	162	295
sp|P69726|VPR_HV1H2	Q9J559.1	1.94e-04	19	74	440	484
sp|P69726|VPR_HV1H2	Q16526.1	1.96e-04	3	92	317	426
sp|P69726|VPR_HV1H2	Q3V8A2.1	1.99e-04	1	75	144	218
sp|P69726|VPR_HV1H2	Q3K736.1	2.00e-04	17	81	182	252
sp|P69726|VPR_HV1H2	Q65114.1	2.04e-04	23	69	4	53
sp|P69726|VPR_HV1H2	Q3ABY6.1	2.16e-04	3	74	145	286
sp|P69726|VPR_HV1H2	Q7V9K4.1	2.16e-04	5	69	42	100
sp|P69726|VPR_HV1H2	Q8QG61.1	2.20e-04	3	92	317	426
sp|P69726|VPR_HV1H2	Q11BC8.1	2.21e-04	2	93	628	692
sp|P69726|VPR_HV1H2	Q6P1R3.1	2.22e-04	1	92	439	509
sp|P69726|VPR_HV1H2	Q5IZC5.2	2.24e-04	3	92	317	426
sp|P69726|VPR_HV1H2	Q6XPZ3.1	2.25e-04	3	89	161	259
sp|P69726|VPR_HV1H2	Q9KW19.1	2.27e-04	11	73	150	218
sp|P69726|VPR_HV1H2	Q58285.1	2.30e-04	16	66	524	590
sp|P69726|VPR_HV1H2	Q6ZZY0.1	2.34e-04	3	92	317	426
sp|P69726|VPR_HV1H2	A3DE14.1	2.47e-04	8	92	172	246
sp|P69726|VPR_HV1H2	P33694.2	2.59e-04	5	96	263	322
sp|P69726|VPR_HV1H2	Q7SY73.1	2.61e-04	5	89	225	316
sp|P69726|VPR_HV1H2	A7Z767.1	2.65e-04	15	87	183	258
sp|P69726|VPR_HV1H2	Q69QA6.1	2.66e-04	2	85	524	612
sp|P69726|VPR_HV1H2	Q2TAZ0.3	2.67e-04	4	85	1655	1723
sp|P69726|VPR_HV1H2	Q28C59.1	2.67e-04	8	72	27	91
sp|P69726|VPR_HV1H2	Q60ZS1.1	2.70e-04	1	36	120	152
sp|P69726|VPR_HV1H2	P07572.2	2.71e-04	2	92	292	394
sp|P69726|VPR_HV1H2	Q3A3Z6.1	2.78e-04	22	80	571	625
sp|P69726|VPR_HV1H2	B8B406.1	2.88e-04	2	85	524	612
sp|P69726|VPR_HV1H2	Q6F7T6.1	2.89e-04	3	96	37	123
sp|P69726|VPR_HV1H2	O14470.3	2.92e-04	15	72	244	288
sp|P69726|VPR_HV1H2	Q3K933.1	3.09e-04	10	68	78	133
sp|P69726|VPR_HV1H2	Q66AE3.1	3.09e-04	5	89	42	122
sp|P69726|VPR_HV1H2	A9KHK4.1	3.14e-04	14	58	248	325
sp|P69726|VPR_HV1H2	A0A097ZPD9.1	3.22e-04	12	95	71	166
sp|P69726|VPR_HV1H2	Q0V3H0.2	3.25e-04	5	81	1496	1596
sp|P69726|VPR_HV1H2	A2AJX4.2	3.27e-04	2	87	841	960
sp|P69726|VPR_HV1H2	P55202.1	3.35e-04	19	53	938	987
sp|P69726|VPR_HV1H2	A8YW83.1	3.35e-04	29	67	230	288
sp|P69726|VPR_HV1H2	Q97T80.1	3.36e-04	23	50	1805	1843
sp|P69726|VPR_HV1H2	O81816.1	3.40e-04	26	81	169	216
sp|P69726|VPR_HV1H2	Q13733.3	3.42e-04	4	31	11	48
sp|P69726|VPR_HV1H2	Q08881.1	3.43e-04	10	41	94	128
sp|P69726|VPR_HV1H2	Q4WYN6.2	3.51e-04	21	81	80	139
sp|P69726|VPR_HV1H2	B1J144.1	3.54e-04	12	67	201	268
sp|P69726|VPR_HV1H2	Q75EB9.1	3.57e-04	9	95	105	191
sp|P69726|VPR_HV1H2	G5CTF9.2	3.59e-04	35	94	224	319
sp|P69726|VPR_HV1H2	Q9WTK2.1	3.63e-04	2	96	45	123
sp|P69726|VPR_HV1H2	Q3J897.1	3.69e-04	9	96	165	246
sp|P69726|VPR_HV1H2	C6X808.1	3.85e-04	1	90	108	226
sp|P69726|VPR_HV1H2	Q27664.1	3.87e-04	1	54	59	125
sp|P69726|VPR_HV1H2	P87020.3	3.99e-04	18	66	172	207
sp|P69726|VPR_HV1H2	Q9EV50.1	4.02e-04	10	58	150	221
sp|P69726|VPR_HV1H2	P30876.1	4.04e-04	9	90	535	610
sp|P69726|VPR_HV1H2	Q8CFI7.2	4.08e-04	9	90	535	610
sp|P69726|VPR_HV1H2	P36587.1	4.19e-04	13	85	116	182
sp|P69726|VPR_HV1H2	B1KV00.1	4.21e-04	1	93	79	181
sp|P69726|VPR_HV1H2	Q9FXY7.1	4.22e-04	13	66	81	141
sp|P69726|VPR_HV1H2	Q6BGW1.2	4.23e-04	8	38	340	365
sp|P69726|VPR_HV1H2	P95629.1	4.30e-04	10	96	412	492
sp|P69726|VPR_HV1H2	P07567.3	4.31e-04	2	92	292	394
sp|P69726|VPR_HV1H2	Q6G4W7.1	4.48e-04	7	93	617	714
sp|P69726|VPR_HV1H2	Q8GCP5.1	4.49e-04	46	92	193	251
sp|P69726|VPR_HV1H2	Q8DKQ1.1	4.55e-04	2	81	153	247
sp|P69726|VPR_HV1H2	Q02635.1	4.55e-04	24	52	184	214
sp|P69726|VPR_HV1H2	P50910.1	4.62e-04	7	92	255	346
sp|P69726|VPR_HV1H2	Q90YM4.1	4.68e-04	59	93	68	102
sp|P69726|VPR_HV1H2	P42724.1	4.88e-04	2	81	183	259
sp|P69726|VPR_HV1H2	P52424.1	4.91e-04	35	66	305	332
sp|P69726|VPR_HV1H2	B0UL68.1	4.95e-04	20	71	49	93
sp|P69726|VPR_HV1H2	A5W9I5.1	4.95e-04	12	67	201	268
sp|P69726|VPR_HV1H2	Q4I0M9.1	5.16e-04	1	76	100	182
sp|P69726|VPR_HV1H2	Q66V81.2	5.28e-04	11	58	149	223
sp|P69726|VPR_HV1H2	Q7VAV5.1	5.33e-04	12	88	23	123
sp|P69726|VPR_HV1H2	Q08D51.1	5.36e-04	1	82	1676	1779
sp|P69726|VPR_HV1H2	P84613.1	5.38e-04	6	96	41	158
sp|P69726|VPR_HV1H2	Q1ID18.1	5.44e-04	3	68	65	133
sp|P69726|VPR_HV1H2	Q9NY15.3	5.44e-04	12	80	1591	1654
sp|P69726|VPR_HV1H2	Q1I5B0.1	5.74e-04	11	81	177	252
sp|P69726|VPR_HV1H2	O86459.1	5.86e-04	1	52	157	214
sp|P69726|VPR_HV1H2	Q837H2.1	5.95e-04	6	50	171	230
sp|P69726|VPR_HV1H2	P0C9V1.1	6.03e-04	23	69	4	53
sp|P69726|VPR_HV1H2	Q8DL57.1	6.08e-04	24	34	108	118
sp|P69726|VPR_HV1H2	A5W758.1	6.14e-04	3	68	65	133
sp|P69726|VPR_HV1H2	Q89869.1	6.15e-04	23	69	4	53
sp|P69726|VPR_HV1H2	P0C9V2.1	6.15e-04	23	69	4	53
sp|P69726|VPR_HV1H2	Q10578.2	6.18e-04	5	90	544	616
sp|P69726|VPR_HV1H2	Q10578.2	0.001	42	90	291	346
sp|P69726|VPR_HV1H2	Q7M9K2.1	6.22e-04	20	89	1	83
sp|P69726|VPR_HV1H2	Q6BL01.2	6.22e-04	1	45	186	239
sp|P69726|VPR_HV1H2	Q5AI48.1	6.25e-04	4	32	85	114
sp|P69726|VPR_HV1H2	P08266.2	6.30e-04	9	90	536	611
sp|P69726|VPR_HV1H2	P13439.3	6.38e-04	16	76	288	365
sp|P69726|VPR_HV1H2	O74526.1	6.41e-04	45	85	524	599
sp|P69726|VPR_HV1H2	Q8NB91.1	6.52e-04	18	81	675	737
sp|P69726|VPR_HV1H2	P39987.1	6.57e-04	3	89	177	285
sp|P69726|VPR_HV1H2	A7ZCK4.1	6.61e-04	13	75	387	442
sp|P69726|VPR_HV1H2	O74846.2	6.66e-04	5	48	242	300
sp|P69726|VPR_HV1H2	B0S8S7.1	6.67e-04	46	85	199	245
sp|P69726|VPR_HV1H2	Q8VHH5.1	6.67e-04	14	95	778	867
sp|P69726|VPR_HV1H2	Q1I4G1.1	6.70e-04	1	67	192	268
sp|P69726|VPR_HV1H2	Q05135.2	6.74e-04	17	68	191	250
sp|P69726|VPR_HV1H2	Q608L5.1	6.78e-04	12	82	499	580
sp|P69726|VPR_HV1H2	P85502.2	7.03e-04	1	94	32	139
sp|P69726|VPR_HV1H2	B7MMH5.1	7.15e-04	7	89	287	392
sp|P69726|VPR_HV1H2	F8W4H9.1	7.16e-04	15	95	15	105
sp|P69726|VPR_HV1H2	Q8XAC2.1	7.20e-04	5	42	2	31
sp|P69726|VPR_HV1H2	Q9KIP9.1	7.20e-04	5	42	2	31
sp|P69726|VPR_HV1H2	P42907.1	7.20e-04	5	42	2	31
sp|P69726|VPR_HV1H2	B2UT44.1	7.21e-04	11	37	752	785
sp|P69726|VPR_HV1H2	C5A203.1	7.29e-04	18	82	21	82
sp|P69726|VPR_HV1H2	A7Z0H3.1	7.30e-04	1	84	185	254
sp|P69726|VPR_HV1H2	Q5VST9.3	7.32e-04	18	32	4430	4444
sp|P69726|VPR_HV1H2	Q20Z40.1	7.32e-04	20	92	96	179
sp|P69726|VPR_HV1H2	Q5GCA5.1	7.34e-04	1	45	188	262
sp|P69726|VPR_HV1H2	B1I0W9.1	7.46e-04	14	88	98	159
sp|P69726|VPR_HV1H2	P38420.2	7.56e-04	37	91	276	346
sp|P69726|VPR_HV1H2	P71011.1	7.66e-04	2	40	67	120
sp|P69726|VPR_HV1H2	Q6PIJ4.1	7.67e-04	3	94	1022	1113
sp|P69726|VPR_HV1H2	C3K733.1	7.67e-04	10	68	78	133
sp|P69726|VPR_HV1H2	Q54NA0.1	7.83e-04	22	96	831	887
sp|P69726|VPR_HV1H2	P33550.1	7.84e-04	18	88	309	389
sp|P69726|VPR_HV1H2	Q61085.2	8.04e-04	12	86	163	238
sp|P69726|VPR_HV1H2	Q2PUJ9.1	8.09e-04	11	87	150	244
sp|P69726|VPR_HV1H2	Q5HPK8.1	8.17e-04	11	87	150	244
sp|P69726|VPR_HV1H2	Q9Z8H0.1	8.34e-04	20	86	144	223
sp|P69726|VPR_HV1H2	Q6ZFZ4.1	8.53e-04	9	77	1960	2006
sp|P69726|VPR_HV1H2	B0U0W6.1	8.54e-04	1	80	34	111
sp|P69726|VPR_HV1H2	O57486.2	8.61e-04	23	62	270	312
sp|P69726|VPR_HV1H2	B4RCL0.1	8.62e-04	15	92	292	381
sp|P69726|VPR_HV1H2	Q08426.3	8.89e-04	13	73	610	684
sp|P69726|VPR_HV1H2	Q66632.2	0.001	12	91	181	256
sp|P69726|VPR_HV1H2	A9VCQ2.1	0.001	23	96	178	239
sp|P69726|VPR_HV1H2	B8IYL6.1	0.001	4	80	39	113
sp|P69726|VPR_HV1H2	P50275.1	0.001	1	95	546	642
sp|P69726|VPR_HV1H2	A5D504.1	0.001	1	88	216	303
sp|P69726|VPR_HV1H2	Q5SW75.2	0.001	16	85	319	398
sp|P69726|VPR_HV1H2	Q10925.2	0.001	10	60	267	316
sp|P69726|VPR_HV1H2	Q83BB6.1	0.001	10	90	381	459
sp|P69726|VPR_HV1H2	B2SJZ7.1	0.001	2	59	97	160
sp|P69726|VPR_HV1H2	Q3AUA2.1	0.001	1	68	497	567
sp|P69726|VPR_HV1H2	Q96KJ4.3	0.001	9	90	228	283
sp|P69726|VPR_HV1H2	C6C1K6.1	0.001	22	80	97	153
sp|P69726|VPR_HV1H2	Q8PPP9.1	0.001	26	85	228	277
sp|P69726|VPR_HV1H2	Q1JAI1.1	0.001	17	72	56	102
sp|P69726|VPR_HV1H2	Q3AR26.1	0.001	18	95	181	263
sp|P69726|VPR_HV1H2	Q3YRX1.1	0.001	7	78	171	257
sp|P69726|VPR_HV1H2	A9KEG1.1	0.001	17	85	247	316
sp|P69726|VPR_HV1H2	Q49XM5.1	0.001	10	90	96	246
sp|P69726|VPR_HV1H2	A4YD89.1	0.001	3	89	254	341
sp|P69726|VPR_HV1H2	Q5TEJ8.1	0.001	1	87	71	154
sp|P69726|VPR_HV1H2	Q19546.2	0.001	16	96	639	763
sp|P69726|VPR_HV1H2	Q9R0M4.2	0.001	2	88	311	436
sp|P69726|VPR_HV1H2	Q8WXI7.3	0.001	4	94	12846	12920
sp|P69726|VPR_HV1H2	Q0VR89.1	0.001	17	83	141	207
sp|P69726|VPR_HV1H2	G5EBR8.1	0.001	12	84	154	233
sp|P69726|VPR_HV1H2	P85001.1	0.001	5	69	749	806
sp|P69726|VPR_HV1H2	Q885Q3.1	0.001	9	68	71	133
sp|P69726|VPR_HV1H2	F4HXV6.1	0.001	8	61	162	238
sp|P69726|VPR_HV1H2	A2RD55.1	0.001	17	72	56	102
sp|P69726|VPR_HV1H2	Q9KDI6.1	0.001	6	87	170	258
sp|P69726|VPR_HV1H2	A5FKJ2.1	0.001	1	52	242	284
sp|P69726|VPR_HV1H2	C5BRN3.1	0.001	1	96	123	255
sp|P69726|VPR_HV1H2	Q4ZQC4.1	0.001	9	68	71	133
sp|P69726|VPR_HV1H2	Q9V3C1.1	0.001	12	88	95	178
sp|P69726|VPR_HV1H2	P28734.1	0.001	15	71	309	398
sp|P69726|VPR_HV1H2	Q6MJL7.1	0.001	13	94	57	123
sp|P69726|VPR_HV1H2	P38853.1	0.001	5	54	87	156
sp|P69726|VPR_HV1H2	K3VA96.1	0.001	13	94	96	200
sp|P69726|VPR_HV1H2	O43103.2	0.001	23	68	268	350
sp|P69726|VPR_HV1H2	Q9Z990.1	0.001	33	90	513	586
sp|P69726|VPR_HV1H2	Q9NQT6.1	0.001	15	78	102	190
sp|P69726|VPR_HV1H2	Q76I76.1	0.001	16	85	319	398
sp|P69726|VPR_HV1H2	Q93RJ9.1	0.001	18	92	270	346
sp|P69726|VPR_HV1H2	O33477.1	0.001	10	88	25	122
sp|P69726|VPR_HV1H2	Q64X55.1	0.001	4	92	36	123
sp|P69726|VPR_HV1H2	Q9H3S7.1	0.001	9	92	35	139
